<?xml version="1.0" encoding="utf-8" ?><dwsync><file name=".DS_Store" server="s13313.gridserver.com/domains/cloudon.angelcolberg.com/html/" local="3455318050" remote="318763443846204432" Dst="-1" /><file name="icomoon.dev.svg" server="s13313.gridserver.com/domains/cloudon.angelcolberg.com/html/" local="3455318050" remote="318763443845188152" Dst="-1" /><file name="icomoon.eot" server="s13313.gridserver.com/domains/cloudon.angelcolberg.com/html/" local="3455318050" remote="318763443845188152" Dst="-1" /><file name="icomoon.ttf" server="s13313.gridserver.com/domains/cloudon.angelcolberg.com/html/" local="3455318051" remote="318763443845188152" Dst="-1" /><file name="icomoon.svg" server="s13313.gridserver.com/domains/cloudon.angelcolberg.com/html/" local="3455318051" remote="318763443845188152" Dst="-1" /><file name="icomoon.woff" server="s13313.gridserver.com/domains/cloudon.angelcolberg.com/html/" local="3455318051" remote="318763443845188152" Dst="-1" /><file name="icomoon1.eot" server="s13313.gridserver.com/domains/cloudon.angelcolberg.com/html/" local="3455318051" remote="318763443845716932" Dst="-1" /><file name="icomoon1.dev.svg" server="s13313.gridserver.com/domains/cloudon.angelcolberg.com/html/" local="3455318051" remote="318763443845716932" Dst="-1" /><file name="icomoon1.ttf" server="s13313.gridserver.com/domains/cloudon.angelcolberg.com/html/" local="3455318051" remote="318763443845716932" Dst="-1" /><file name="icomoon1.svg" server="s13313.gridserver.com/domains/cloudon.angelcolberg.com/html/" local="3455318051" remote="318763443845716932" Dst="-1" /><file name="icomoon1.woff" server="s13313.gridserver.com/domains/cloudon.angelcolberg.com/html/" local="3455318051" remote="318763443845716932" Dst="-1" /><file name="util.dev.svg" server="s13313.gridserver.com/domains/cloudon.angelcolberg.com/html/" local="3455318051" remote="318763443846230832" Dst="-1" /><file name="util.eot" server="s13313.gridserver.com/domains/cloudon.angelcolberg.com/html/" local="3455318051" remote="318763443846230832" Dst="-1" /><file name="util.svg" server="s13313.gridserver.com/domains/cloudon.angelcolberg.com/html/" local="3455318052" remote="318763443846230832" Dst="-1" /><file name="util.ttf" server="s13313.gridserver.com/domains/cloudon.angelcolberg.com/html/" local="3455318052" remote="318763443846230832" Dst="-1" /><file name="util.woff" server="s13313.gridserver.com/domains/cloudon.angelcolberg.com/html/" local="3455318052" remote="318763443846230832" Dst="-1" /></dwsync>